{
  "PluralTask": [
    {
      "id": 2,
      "firstName": "Mahesh Kumar",
      "lastName": "Rapolu",
      "Id": 21,
      "gender": "male",
      "grade": "19"
    },
    {
      "id": 3,
      "firstName": "Prasanna",
      "lastName": "Kumar",
      "Id": 31,
      "gender": "male",
      "grade": "20"
    },
    {
      "id": 4,
      "firstName": "Suraj",
      "lastName": "Sable",
      "Id": 4,
      "gender": "male",
      "grade": "19"
    },
    {
      "id": 6,
      "firstName": "Aditya",
      "lastName": "Billola",
      "Id": 999,
      "gender": "male",
      "grade": "18"
    },
    {
      "id": 6,
      "firstName": "Aditya",
      "lastName": "Billola",
      "Id": 99,
      "gender": "male",
      "grade": "18"
    },
    {
      "id": 6,
      "firstName": "Aditya",
      "lastName": "Billola",
      "Id": 99,
      "gender": "male",
      "grade": "18"
    },
    {
      "id": 6,
      "firstName": "Aditya",
      "lastName": "Billola",
      "Id": 99,
      "gender": "male",
      "grade": "18"
    },
    {
      "id": 6,
      "firstName": "Aditya",
      "lastName": "Billola",
      "Id": 99,
      "gender": "male",
      "grade": "18"
    },
    {
      "id": 6,
      "firstName": "Aditya",
      "lastName": "Billola",
      "Id": 99,
      "gender": "male",
      "grade": "18"
    },
    {
      "id": 6,
      "firstName": "Aditya",
      "lastName": "Billola",
      "Id": 99,
      "gender": "male",
      "grade": "18"
    },
    {
      "id": 6,
      "firstName": "Aditya",
      "lastName": "Billola",
      "Id": 99,
      "gender": "male",
      "grade": "18"
    },
    {
      "id": 6,
      "firstName": "Aditya",
      "lastName": "Billola",
      "Id": 99,
      "gender": "male",
      "grade": "18"
    },
    {
      "id": 7,
      "firstName": "Aditya",
      "lastName": "Billola",
      "Id": 9990,
      "gender": "male",
      "grade": "18"
    },
    {
      "id": 8,
      "firstName": "Mukesh",
      "lastName": "Kumar",
      "Id": 7,
      "gender": "male",
      "grade": "19"
    },
    {
      "id": 9,
      "firstName": "Sandeep",
      "lastName": "Sandy",
      "Id": 9,
      "gender": "male",
      "grade": "18"
    },
    {
      "id": 10,
      "firstName": "Phani",
      "lastName": "Raj",
      "Id": 999,
      "gender": "male",
      "grade": "19"
    },
    {
      "id": 11,
      "firstName": "Ashok",
      "lastName": "kodege",
      "Id": 12,
      "gender": "male",
      "grade": "19"
    }
  ]
}